name,agents_average_initial_opinion,technology_success_rate,final_adaption
0_0_0,-1.0,0.0,0.0
1_0_0,-1.0,0.0,0.0
2_0_0,-1.0,0.0,0.0
3_0_0,-1.0,0.0,0.0
4_0_0,-1.0,0.0,0.0
0_0_1,-1.0,0.1,0.0
1_0_1,-1.0,0.1,0.0
2_0_1,-1.0,0.1,0.0
3_0_1,-1.0,0.1,0.0
4_0_1,-1.0,0.1,0.0
0_0_2,-1.0,0.2,0.0
1_0_2,-1.0,0.2,0.0
2_0_2,-1.0,0.2,0.0
3_0_2,-1.0,0.2,0.0
4_0_2,-1.0,0.2,0.0
0_0_3,-1.0,0.3,0.0
1_0_3,-1.0,0.3,0.0
2_0_3,-1.0,0.3,0.0
3_0_3,-1.0,0.3,0.0
4_0_3,-1.0,0.3,0.0
0_0_4,-1.0,0.4,0.0
1_0_4,-1.0,0.4,0.0
2_0_4,-1.0,0.4,0.0
3_0_4,-1.0,0.4,0.0
4_0_4,-1.0,0.4,0.0
0_0_5,-1.0,0.5,0.0
1_0_5,-1.0,0.5,0.0
2_0_5,-1.0,0.5,0.0
3_0_5,-1.0,0.5,0.0
4_0_5,-1.0,0.5,0.0
0_0_6,-1.0,0.6,0.0
1_0_6,-1.0,0.6,0.0
2_0_6,-1.0,0.6,0.0
3_0_6,-1.0,0.6,0.0
4_0_6,-1.0,0.6,0.0
0_0_7,-1.0,0.7,0.0
1_0_7,-1.0,0.7,0.0
2_0_7,-1.0,0.7,0.0
3_0_7,-1.0,0.7,0.0
4_0_7,-1.0,0.7,0.0
0_0_8,-1.0,0.8,0.0
1_0_8,-1.0,0.8,0.0
2_0_8,-1.0,0.8,0.0
3_0_8,-1.0,0.8,0.0
4_0_8,-1.0,0.8,0.0
0_0_9,-1.0,0.9,0.0
1_0_9,-1.0,0.9,0.0
2_0_9,-1.0,0.9,0.0
3_0_9,-1.0,0.9,0.0
4_0_9,-1.0,0.9,0.0
0_0_10,-1.0,1.0,0.0
1_0_10,-1.0,1.0,0.0
2_0_10,-1.0,1.0,0.0
3_0_10,-1.0,1.0,0.0
4_0_10,-1.0,1.0,0.0
0_1_0,-0.9,0.0,0.0
1_1_0,-0.9,0.0,0.0
2_1_0,-0.9,0.0,0.0
3_1_0,-0.9,0.0,0.0
4_1_0,-0.9,0.0,0.0
0_1_1,-0.9,0.1,0.0
1_1_1,-0.9,0.1,0.0
2_1_1,-0.9,0.1,0.0
3_1_1,-0.9,0.1,0.0
4_1_1,-0.9,0.1,0.0
0_1_2,-0.9,0.2,0.0
1_1_2,-0.9,0.2,0.0
2_1_2,-0.9,0.2,0.0
3_1_2,-0.9,0.2,0.0
4_1_2,-0.9,0.2,0.0
0_1_3,-0.9,0.3,0.0
1_1_3,-0.9,0.3,0.0
2_1_3,-0.9,0.3,0.0
3_1_3,-0.9,0.3,0.0
4_1_3,-0.9,0.3,0.0
0_1_4,-0.9,0.4,0.0
1_1_4,-0.9,0.4,0.0
2_1_4,-0.9,0.4,0.0
3_1_4,-0.9,0.4,0.0
4_1_4,-0.9,0.4,0.0
0_1_5,-0.9,0.5,0.0
1_1_5,-0.9,0.5,0.0
2_1_5,-0.9,0.5,0.0
3_1_5,-0.9,0.5,0.0
4_1_5,-0.9,0.5,0.0
0_1_6,-0.9,0.6,0.0
1_1_6,-0.9,0.6,0.0
2_1_6,-0.9,0.6,0.0
3_1_6,-0.9,0.6,0.0
4_1_6,-0.9,0.6,0.0
0_1_7,-0.9,0.7,0.0
1_1_7,-0.9,0.7,0.0
2_1_7,-0.9,0.7,0.0
3_1_7,-0.9,0.7,0.0
4_1_7,-0.9,0.7,0.0
0_1_8,-0.9,0.8,0.0
1_1_8,-0.9,0.8,0.0
2_1_8,-0.9,0.8,0.0
3_1_8,-0.9,0.8,0.0
4_1_8,-0.9,0.8,0.0
0_1_9,-0.9,0.9,0.0
1_1_9,-0.9,0.9,0.0
2_1_9,-0.9,0.9,0.0
3_1_9,-0.9,0.9,0.0
4_1_9,-0.9,0.9,0.0
0_1_10,-0.9,1.0,0.0
1_1_10,-0.9,1.0,0.0
2_1_10,-0.9,1.0,0.0
3_1_10,-0.9,1.0,0.0
4_1_10,-0.9,1.0,0.0
0_2_0,-0.8,0.0,0.0
1_2_0,-0.8,0.0,0.0
2_2_0,-0.8,0.0,0.0
3_2_0,-0.8,0.0,0.0
4_2_0,-0.8,0.0,0.0
0_2_1,-0.8,0.1,0.0
1_2_1,-0.8,0.1,0.0
2_2_1,-0.8,0.1,0.0
3_2_1,-0.8,0.1,0.0
4_2_1,-0.8,0.1,0.0
0_2_2,-0.8,0.2,0.0
1_2_2,-0.8,0.2,0.0
2_2_2,-0.8,0.2,0.0
3_2_2,-0.8,0.2,0.0
4_2_2,-0.8,0.2,0.0
0_2_3,-0.8,0.3,0.0
1_2_3,-0.8,0.3,0.0
2_2_3,-0.8,0.3,0.0
3_2_3,-0.8,0.3,0.0
4_2_3,-0.8,0.3,0.0
0_2_4,-0.8,0.4,0.0
1_2_4,-0.8,0.4,0.0
2_2_4,-0.8,0.4,0.0
3_2_4,-0.8,0.4,0.0
4_2_4,-0.8,0.4,0.0
0_2_5,-0.8,0.5,0.0
1_2_5,-0.8,0.5,0.0
2_2_5,-0.8,0.5,0.0
3_2_5,-0.8,0.5,0.0
4_2_5,-0.8,0.5,0.0
0_2_6,-0.8,0.6,0.0
1_2_6,-0.8,0.6,0.0
2_2_6,-0.8,0.6,0.0
3_2_6,-0.8,0.6,0.0
4_2_6,-0.8,0.6,0.0
0_2_7,-0.8,0.7,0.0
1_2_7,-0.8,0.7,0.0
2_2_7,-0.8,0.7,0.0
3_2_7,-0.8,0.7,0.0
4_2_7,-0.8,0.7,0.0
0_2_8,-0.8,0.8,0.0
1_2_8,-0.8,0.8,0.0
2_2_8,-0.8,0.8,0.0
3_2_8,-0.8,0.8,0.0
4_2_8,-0.8,0.8,0.0
0_2_9,-0.8,0.9,0.0
1_2_9,-0.8,0.9,0.0
2_2_9,-0.8,0.9,0.0
3_2_9,-0.8,0.9,0.0
4_2_9,-0.8,0.9,0.0
0_2_10,-0.8,1.0,0.0
1_2_10,-0.8,1.0,0.0
2_2_10,-0.8,1.0,0.0
3_2_10,-0.8,1.0,0.0
4_2_10,-0.8,1.0,0.0
0_3_0,-0.7,0.0,0.0
1_3_0,-0.7,0.0,0.0
2_3_0,-0.7,0.0,0.0
3_3_0,-0.7,0.0,0.0
4_3_0,-0.7,0.0,0.0
0_3_1,-0.7,0.1,0.0
1_3_1,-0.7,0.1,0.0
2_3_1,-0.7,0.1,0.0
3_3_1,-0.7,0.1,0.0
4_3_1,-0.7,0.1,0.0
0_3_2,-0.7,0.2,0.0
1_3_2,-0.7,0.2,0.0
2_3_2,-0.7,0.2,0.0
3_3_2,-0.7,0.2,0.0
4_3_2,-0.7,0.2,0.0
0_3_3,-0.7,0.3,0.0
1_3_3,-0.7,0.3,0.0
2_3_3,-0.7,0.3,0.0
3_3_3,-0.7,0.3,0.0
4_3_3,-0.7,0.3,0.0
0_3_4,-0.7,0.4,0.0
1_3_4,-0.7,0.4,0.0
2_3_4,-0.7,0.4,0.0
3_3_4,-0.7,0.4,0.0
4_3_4,-0.7,0.4,0.0
0_3_5,-0.7,0.5,0.0
1_3_5,-0.7,0.5,0.0
2_3_5,-0.7,0.5,0.0
3_3_5,-0.7,0.5,0.0
4_3_5,-0.7,0.5,0.0
0_3_6,-0.7,0.6,0.0
1_3_6,-0.7,0.6,0.0
2_3_6,-0.7,0.6,0.0
3_3_6,-0.7,0.6,0.0
4_3_6,-0.7,0.6,0.0
0_3_7,-0.7,0.7,0.0
1_3_7,-0.7,0.7,0.0
2_3_7,-0.7,0.7,0.0
3_3_7,-0.7,0.7,0.0
4_3_7,-0.7,0.7,0.0
0_3_8,-0.7,0.8,0.0
1_3_8,-0.7,0.8,0.0
2_3_8,-0.7,0.8,0.0
3_3_8,-0.7,0.8,0.0
4_3_8,-0.7,0.8,0.0
0_3_9,-0.7,0.9,0.0
1_3_9,-0.7,0.9,0.0
2_3_9,-0.7,0.9,0.0
3_3_9,-0.7,0.9,0.0
4_3_9,-0.7,0.9,0.0
0_3_10,-0.7,1.0,0.0
1_3_10,-0.7,1.0,0.0
2_3_10,-0.7,1.0,0.0
3_3_10,-0.7,1.0,0.0
4_3_10,-0.7,1.0,0.0
0_4_0,-0.6,0.0,0.005500156422598179
1_4_0,-0.6,0.0,0.005500156422598179
2_4_0,-0.6,0.0,0.019164346047521475
3_4_0,-0.6,0.0,0.0
4_4_0,-0.6,0.0,0.0
0_4_1,-0.6,0.1,0.005500156422598179
1_4_1,-0.6,0.1,0.005500156422598179
2_4_1,-0.6,0.1,0.019164346047521475
3_4_1,-0.6,0.1,0.0
4_4_1,-0.6,0.1,0.0
0_4_2,-0.6,0.2,0.005500156422598179
1_4_2,-0.6,0.2,0.005500156422598179
2_4_2,-0.6,0.2,0.019164346047521475
3_4_2,-0.6,0.2,0.0
4_4_2,-0.6,0.2,0.0
0_4_3,-0.6,0.3,0.005500156422598179
1_4_3,-0.6,0.3,0.005500156422598179
2_4_3,-0.6,0.3,0.019164346047521475
3_4_3,-0.6,0.3,0.0
4_4_3,-0.6,0.3,0.0
0_4_4,-0.6,0.4,0.005500156422598179
1_4_4,-0.6,0.4,0.005500156422598179
2_4_4,-0.6,0.4,0.019164346047521475
3_4_4,-0.6,0.4,0.0
4_4_4,-0.6,0.4,0.0
0_4_5,-0.6,0.5,0.005500156422598179
1_4_5,-0.6,0.5,0.005500156422598179
2_4_5,-0.6,0.5,0.019164346047521475
3_4_5,-0.6,0.5,0.0
4_4_5,-0.6,0.5,0.0
0_4_6,-0.6,0.6,0.005500156422598179
1_4_6,-0.6,0.6,0.005500156422598179
2_4_6,-0.6,0.6,0.019164346047521475
3_4_6,-0.6,0.6,0.0
4_4_6,-0.6,0.6,0.0
0_4_7,-0.6,0.7,0.005500156422598179
1_4_7,-0.6,0.7,0.005500156422598179
2_4_7,-0.6,0.7,0.019164346047521475
3_4_7,-0.6,0.7,0.0
4_4_7,-0.6,0.7,0.0
0_4_8,-0.6,0.8,0.005500156422598179
1_4_8,-0.6,0.8,0.005500156422598179
2_4_8,-0.6,0.8,0.019164346047521475
3_4_8,-0.6,0.8,0.0
4_4_8,-0.6,0.8,0.0
0_4_9,-0.6,0.9,0.005500156422598179
1_4_9,-0.6,0.9,0.005500156422598179
2_4_9,-0.6,0.9,0.019164346047521475
3_4_9,-0.6,0.9,0.0
4_4_9,-0.6,0.9,0.0
0_4_10,-0.6,1.0,0.005500156422598179
1_4_10,-0.6,1.0,0.005500156422598179
2_4_10,-0.6,1.0,0.019164346047521475
3_4_10,-0.6,1.0,0.0
4_4_10,-0.6,1.0,0.0
0_5_0,-0.5,0.0,0.019164346047521475
1_5_0,-0.5,0.0,0.019164346047521475
2_5_0,-0.5,0.0,0.007293891914656049
3_5_0,-0.5,0.0,0.0
4_5_0,-0.5,0.0,0.005500156422598179
0_5_1,-0.5,0.1,0.019164346047521475
1_5_1,-0.5,0.1,0.019164346047521475
2_5_1,-0.5,0.1,0.007293891914656049
3_5_1,-0.5,0.1,0.0
4_5_1,-0.5,0.1,0.005500156422598179
0_5_2,-0.5,0.2,0.019164346047521475
1_5_2,-0.5,0.2,0.019164346047521475
2_5_2,-0.5,0.2,0.007293891914656049
3_5_2,-0.5,0.2,0.0
4_5_2,-0.5,0.2,0.005500156422598179
0_5_3,-0.5,0.3,0.019164346047521475
1_5_3,-0.5,0.3,0.019164346047521475
2_5_3,-0.5,0.3,0.007293891914656049
3_5_3,-0.5,0.3,0.0
4_5_3,-0.5,0.3,0.005500156422598179
0_5_4,-0.5,0.4,0.019164346047521475
1_5_4,-0.5,0.4,0.019164346047521475
2_5_4,-0.5,0.4,0.007293891914656049
3_5_4,-0.5,0.4,0.0
4_5_4,-0.5,0.4,0.005500156422598179
0_5_5,-0.5,0.5,0.019164346047521475
1_5_5,-0.5,0.5,0.019164346047521475
2_5_5,-0.5,0.5,0.007293891914656049
3_5_5,-0.5,0.5,0.0
4_5_5,-0.5,0.5,0.005500156422598179
0_5_6,-0.5,0.6,0.019164346047521475
1_5_6,-0.5,0.6,0.019164346047521475
2_5_6,-0.5,0.6,0.007293891914656049
3_5_6,-0.5,0.6,0.0
4_5_6,-0.5,0.6,0.005500156422598179
0_5_7,-0.5,0.7,0.019164346047521475
1_5_7,-0.5,0.7,0.019164346047521475
2_5_7,-0.5,0.7,0.007293891914656049
3_5_7,-0.5,0.7,0.0
4_5_7,-0.5,0.7,0.005500156422598179
0_5_8,-0.5,0.8,0.019164346047521475
1_5_8,-0.5,0.8,0.019164346047521475
2_5_8,-0.5,0.8,0.007293891914656049
3_5_8,-0.5,0.8,0.0
4_5_8,-0.5,0.8,0.005500156422598179
0_5_9,-0.5,0.9,0.019164346047521475
1_5_9,-0.5,0.9,0.019164346047521475
2_5_9,-0.5,0.9,0.007293891914656049
3_5_9,-0.5,0.9,0.0
4_5_9,-0.5,0.9,0.005500156422598179
0_5_10,-0.5,1.0,0.019164346047521475
1_5_10,-0.5,1.0,0.019164346047521475
2_5_10,-0.5,1.0,0.007293891914656049
3_5_10,-0.5,1.0,0.0
4_5_10,-0.5,1.0,0.005500156422598179
0_6_0,-0.4,0.0,0.05700894180909354
1_6_0,-0.4,0.0,0.10247241689803172
2_6_0,-0.4,0.0,0.07318960596032104
3_6_0,-0.4,0.0,0.019164346047521475
4_6_0,-0.4,0.0,0.03999983317084023
0_6_1,-0.4,0.1,0.05700894180909354
1_6_1,-0.4,0.1,0.10247241689803172
2_6_1,-0.4,0.1,0.07318960596032104
3_6_1,-0.4,0.1,0.019164346047521475
4_6_1,-0.4,0.1,0.03999983317084023
0_6_2,-0.4,0.2,0.05700894180909354
1_6_2,-0.4,0.2,0.10247241689803172
2_6_2,-0.4,0.2,0.07318960596032104
3_6_2,-0.4,0.2,0.019164346047521475
4_6_2,-0.4,0.2,0.03999983317084023
0_6_3,-0.4,0.3,0.05700894180909354
1_6_3,-0.4,0.3,0.10247241689803172
2_6_3,-0.4,0.3,0.07318960596032104
3_6_3,-0.4,0.3,0.019164346047521475
4_6_3,-0.4,0.3,0.03999983317084023
0_6_4,-0.4,0.4,0.05700894180909354
1_6_4,-0.4,0.4,0.10247241689803172
2_6_4,-0.4,0.4,0.07318960596032104
3_6_4,-0.4,0.4,0.019164346047521475
4_6_4,-0.4,0.4,0.03999983317084023
0_6_5,-0.4,0.5,0.05700894180909354
1_6_5,-0.4,0.5,0.10289774891345124
2_6_5,-0.4,0.5,0.07318960596032104
3_6_5,-0.4,0.5,0.019164346047521475
4_6_5,-0.4,0.5,0.03999983317084023
0_6_6,-0.4,0.6,0.05700894180909354
1_6_6,-0.4,0.6,0.10381861495517329
2_6_6,-0.4,0.6,0.07318960596032104
3_6_6,-0.4,0.6,0.019164346047521475
4_6_6,-0.4,0.6,0.03999983317084023
0_6_7,-0.4,0.7,0.05700894180909354
1_6_7,-0.4,0.7,0.10430750125490577
2_6_7,-0.4,0.7,0.07428755038566523
3_6_7,-0.4,0.7,0.019164346047521475
4_6_7,-0.4,0.7,0.03999983317084023
0_6_8,-0.4,0.8,0.05700894180909354
1_6_8,-0.4,0.8,0.10480988428053199
2_6_8,-0.4,0.8,0.07428755038566523
3_6_8,-0.4,0.8,0.019164346047521475
4_6_8,-0.4,0.8,0.03999983317084023
0_6_9,-0.4,0.9,0.05866658441124983
1_6_9,-0.4,0.9,0.10493027181052353
2_6_9,-0.4,0.9,0.07428755038566523
3_6_9,-0.4,0.9,0.019164346047521475
4_6_9,-0.4,0.9,0.03999983317084023
0_6_10,-0.4,1.0,0.05866658441124983
1_6_10,-0.4,1.0,0.2309433304205918
2_6_10,-0.4,1.0,0.07428755038566523
3_6_10,-0.4,1.0,0.019164346047521475
4_6_10,-0.4,1.0,0.03999983317084023
0_7_0,-0.3,0.0,0.13317223012463617
1_7_0,-0.3,0.0,0.17557408711504036
2_7_0,-0.3,0.0,0.14004661189577555
3_7_0,-0.3,0.0,0.11999999999999998
4_7_0,-0.3,0.0,0.10247241689803172
0_7_1,-0.3,0.1,0.13317223012463617
1_7_1,-0.3,0.1,0.19119876431369257
2_7_1,-0.3,0.1,0.14004661189577555
3_7_1,-0.3,0.1,0.11999999999999998
4_7_1,-0.3,0.1,0.10247241689803172
0_7_2,-0.3,0.2,0.13317223012463617
1_7_2,-0.3,0.2,0.19119876431369257
2_7_2,-0.3,0.2,0.15505217087898232
3_7_2,-0.3,0.2,0.11999999999999998
4_7_2,-0.3,0.2,0.10247241689803172
0_7_3,-0.3,0.3,0.13317223012463617
1_7_3,-0.3,0.3,0.20976874837647852
2_7_3,-0.3,0.3,0.16270570814350108
3_7_3,-0.3,0.3,0.11999999999999998
4_7_3,-0.3,0.3,0.10247241689803172
0_7_4,-0.3,0.4,0.15467057611147073
1_7_4,-0.3,0.4,0.22294298799511297
2_7_4,-0.3,0.4,0.17187860344524683
3_7_4,-0.3,0.4,0.11999999999999998
4_7_4,-0.3,0.4,0.10289774891345124
0_7_5,-0.3,0.5,0.16143984351847604
1_7_5,-0.3,0.5,0.25169673306470364
2_7_5,-0.3,0.5,0.18152607363025686
3_7_5,-0.3,0.5,0.11999999999999998
4_7_5,-0.3,0.5,0.10661352869204713
0_7_6,-0.3,0.6,0.16784641623977042
1_7_6,-0.3,0.6,0.2635507090492984
2_7_6,-0.3,0.6,0.27999988988975855
3_7_6,-0.3,0.6,0.11999999999999998
4_7_6,-0.3,0.6,0.10719881845667305
0_7_7,-0.3,0.7,0.1637836985313612
1_7_7,-0.3,0.7,0.28265811475170594
2_7_7,-0.3,0.7,0.27747323165945853
3_7_7,-0.3,0.7,0.11999999999999998
4_7_7,-0.3,0.7,0.10960794732242901
0_7_8,-0.3,0.8,0.2599987319698814
1_7_8,-0.3,0.8,0.39990502573747017
2_7_8,-0.3,0.8,0.3778818858011727
3_7_8,-0.3,0.8,0.11999999999999998
4_7_8,-0.3,0.8,0.21043681240505713
0_7_9,-0.3,0.9,0.2512864009538643
1_7_9,-0.3,0.9,0.6131588196808809
2_7_9,-0.3,0.9,0.38046793974030796
3_7_9,-0.3,0.9,0.2013832860439717
4_7_9,-0.3,0.9,0.20862273329939132
0_7_10,-0.3,1.0,0.25999999999933465
1_7_10,-0.3,1.0,0.6251054660763741
2_7_10,-0.3,1.0,0.420701097894487
3_7_10,-0.3,1.0,0.20065433355245796
4_7_10,-0.3,1.0,0.2001289182903978
0_8_0,-0.2,0.0,2.6707894633063785e-23
1_8_0,-0.2,0.0,8.442840217567957e-20
2_8_0,-0.2,0.0,5.929706230926278e-18
3_8_0,-0.2,0.0,0.1433835836585471
4_8_0,-0.2,0.0,1.0575534833284046e-10
0_8_1,-0.2,0.1,1.7728354651964598e-20
1_8_1,-0.2,0.1,5.305789479227527e-15
2_8_1,-0.2,0.1,2.278139470170302e-13
3_8_1,-0.2,0.1,0.1433835836585471
4_8_1,-0.2,0.1,1.9779721030971354e-10
0_8_2,-0.2,0.2,6.837315801667934e-20
1_8_2,-0.2,0.2,4.1421149764341396e-11
2_8_2,-0.2,0.2,9.171680163159938e-11
3_8_2,-0.2,0.2,0.1447063100988837
4_8_2,-0.2,0.2,7.57783019698881e-09
0_8_3,-0.2,0.3,1.5923033131078068e-14
1_8_3,-0.2,0.3,3.764633143534785e-09
2_8_3,-0.2,0.3,4.732614890845133e-08
3_8_3,-0.2,0.3,0.146824627809161
4_8_3,-0.2,0.3,2.209238111025752e-07
0_8_4,-0.2,0.4,1.1831280655512691e-09
1_8_4,-0.2,0.4,3.4648332614130416e-05
2_8_4,-0.2,0.4,2.0915495114861471e-07
3_8_4,-0.2,0.4,0.14846162219000367
4_8_4,-0.2,0.4,7.657545236470249e-06
0_8_5,-0.2,0.5,3.0703996642794077e-06
1_8_5,-0.2,0.5,0.001990971141834143
2_8_5,-0.2,0.5,4.497080725202634e-06
3_8_5,-0.2,0.5,0.15543212278066754
4_8_5,-0.2,0.5,0.00040333846653559726
0_8_6,-0.2,0.6,0.0004775458741824799
1_8_6,-0.2,0.6,0.024195865012891525
2_8_6,-0.2,0.6,2.758041227912696e-05
3_8_6,-0.2,0.6,0.1617338911235944
4_8_6,-0.2,0.6,0.0036247446895197773
0_8_7,-0.2,0.7,0.0014605159856102728
1_8_7,-0.2,0.7,0.12890546612098547
2_8_7,-0.2,0.7,0.004175373693499759
3_8_7,-0.2,0.7,0.1659324472653904
4_8_7,-0.2,0.7,0.059540868061611664
0_8_8,-0.2,0.8,0.5840978076904679
1_8_8,-0.2,0.8,0.8301738909595464
2_8_8,-0.2,0.8,0.46891223946548194
3_8_8,-0.2,0.8,0.2728040373488546
4_8_8,-0.2,0.8,0.39916355725052843
0_8_9,-0.2,0.9,0.5805042948579204
1_8_9,-0.2,0.9,0.8724692582231973
2_8_9,-0.2,0.9,0.47843164741211797
3_8_9,-0.2,0.9,0.2799999997903764
4_8_9,-0.2,0.9,0.3999999995293095
0_8_10,-0.2,1.0,0.8745302121249908
1_8_10,-0.2,1.0,0.8698147889938811
2_8_10,-0.2,1.0,0.454155907310452
3_8_10,-0.2,1.0,0.2690246154612245
4_8_10,-0.2,1.0,0.39999999998267455
0_9_0,-0.1,0.0,2.824778325945016e-20
1_9_0,-0.1,0.0,9.204924091230866e-15
2_9_0,-0.1,0.0,2.289095546748399e-19
3_9_0,-0.1,0.0,9.518326788002528e-17
4_9_0,-0.1,0.0,5.517533284134554e-20
0_9_1,-0.1,0.1,8.618886009212661e-12
1_9_1,-0.1,0.1,4.2394505870824786e-10
2_9_1,-0.1,0.1,1.726688309414423e-14
3_9_1,-0.1,0.1,2.9655181239102885e-16
4_9_1,-0.1,0.1,4.13880768733393e-18
0_9_2,-0.1,0.2,9.493435132408942e-15
1_9_2,-0.1,0.2,2.552348076286663e-09
2_9_2,-0.1,0.2,2.267843559006122e-11
3_9_2,-0.1,0.2,3.923164340484652e-16
4_9_2,-0.1,0.2,5.600481855068085e-15
0_9_3,-0.1,0.3,2.570023188283149e-12
1_9_3,-0.1,0.3,8.609315751638147e-07
2_9_3,-0.1,0.3,1.2770101212472748e-07
3_9_3,-0.1,0.3,7.590831782362781e-11
4_9_3,-0.1,0.3,3.8755619950131026e-10
0_9_4,-0.1,0.4,5.621727155288542e-10
1_9_4,-0.1,0.4,0.00011915919237969914
2_9_4,-0.1,0.4,2.0918684985567458e-07
3_9_4,-0.1,0.4,1.3221724538628092e-07
4_9_4,-0.1,0.4,1.8372914497447836e-08
0_9_5,-0.1,0.5,0.00026740446095198454
1_9_5,-0.1,0.5,0.0011541021016180442
2_9_5,-0.1,0.5,0.0002798924917275812
3_9_5,-0.1,0.5,0.0004719531876440251
4_9_5,-0.1,0.5,1.7018756949660392e-07
0_9_6,-0.1,0.6,7.910886815348708e-06
1_9_6,-0.1,0.6,0.006617418854639557
2_9_6,-0.1,0.6,0.0012057314805261302
3_9_6,-0.1,0.6,0.009255415255235452
4_9_6,-0.1,0.6,0.0003218565351987406
0_9_7,-0.1,0.7,0.01665177312696446
1_9_7,-0.1,0.7,0.02151556971509868
2_9_7,-0.1,0.7,0.00557477790051616
3_9_7,-0.1,0.7,0.40279739705477907
4_9_7,-0.1,0.7,0.005450340341738824
0_9_8,-0.1,0.8,0.8142419646428959
1_9_8,-0.1,0.8,0.810585901105274
2_9_8,-0.1,0.8,0.9807047694515211
3_9_8,-0.1,0.8,0.6056076910962119
4_9_8,-0.1,0.8,0.6299945512817268
0_9_9,-0.1,0.9,0.8504073938402461
1_9_9,-0.1,0.9,0.8162195655932891
2_9_9,-0.1,0.9,0.9999996492552967
3_9_9,-0.1,0.9,0.8768220809377522
4_9_9,-0.1,0.9,0.6007894481064756
0_9_10,-0.1,1.0,0.863376912307846
1_9_10,-0.1,1.0,0.7908235086210265
2_9_10,-0.1,1.0,0.9999999999996999
3_9_10,-0.1,1.0,0.8793188448171412
4_9_10,-0.1,1.0,0.8540947290859816
0_10_0,0.0,0.0,4.0658963039030643e-13
1_10_0,0.0,0.0,1.6168120594437553e-10
2_10_0,0.0,0.0,1.4028643011938104e-11
3_10_0,0.0,0.0,7.881872746175183e-24
4_10_0,0.0,0.0,4.836194134976924e-12
0_10_1,0.0,0.1,1.3741072792720479e-11
1_10_1,0.0,0.1,4.2900326309562263e-07
2_10_1,0.0,0.1,4.487884170233019e-12
3_10_1,0.0,0.1,2.9878341241922435e-17
4_10_1,0.0,0.1,8.546654959806185e-11
0_10_2,0.0,0.2,3.7164336103287094e-07
1_10_2,0.0,0.2,3.489160908020233e-08
2_10_2,0.0,0.2,2.0909208228164565e-09
3_10_2,0.0,0.2,1.9719284731925716e-12
4_10_2,0.0,0.2,1.7692701416085565e-08
0_10_3,0.0,0.3,1.0341752420783383e-07
1_10_3,0.0,0.3,1.8139785591541453e-06
2_10_3,0.0,0.3,2.6681113540017764e-08
3_10_3,0.0,0.3,6.098639035892506e-10
4_10_3,0.0,0.3,2.397262593008952e-07
0_10_4,0.0,0.4,2.9741462483161592e-05
1_10_4,0.0,0.4,0.0012015541644849709
2_10_4,0.0,0.4,8.448418492457026e-08
3_10_4,0.0,0.4,1.0594575683993404e-08
4_10_4,0.0,0.4,2.323869667167308e-05
0_10_5,0.0,0.5,0.0005005473557849244
1_10_5,0.0,0.5,0.0013370869933304178
2_10_5,0.0,0.5,5.1722103797657155e-09
3_10_5,0.0,0.5,1.3361447820768532e-06
4_10_5,0.0,0.5,0.0030241423545855797
0_10_6,0.0,0.6,0.0011188912651608068
1_10_6,0.0,0.6,0.0057289333740052776
2_10_6,0.0,0.6,0.0002700086420775737
3_10_6,0.0,0.6,0.0014768590084257229
4_10_6,0.0,0.6,0.0002532483337656229
0_10_7,0.0,0.7,0.04637334211830907
1_10_7,0.0,0.7,0.029684207618072608
2_10_7,0.0,0.7,0.022023999413382976
3_10_7,0.0,0.7,0.01747307338227391
4_10_7,0.0,0.7,0.022234509935512993
0_10_8,0.0,0.8,0.9999673543955806
1_10_8,0.0,0.8,0.9990757479830586
2_10_8,0.0,0.8,0.9997224891156852
3_10_8,0.0,0.8,0.9999753072247974
4_10_8,0.0,0.8,0.9974952864328516
0_10_9,0.0,0.9,0.9999999999772624
1_10_9,0.0,0.9,0.9999999999968483
2_10_9,0.0,0.9,0.9999999999997804
3_10_9,0.0,0.9,0.9999999996932
4_10_9,0.0,0.9,0.9999999882596375
0_10_10,0.0,1.0,1.0
1_10_10,0.0,1.0,1.0
2_10_10,0.0,1.0,1.0
3_10_10,0.0,1.0,1.0
4_10_10,0.0,1.0,1.0
0_11_0,0.1,0.0,3.2487788132461023e-06
1_11_0,0.1,0.0,4.1248414861469897e-07
2_11_0,0.1,0.0,1.0875806755049808e-09
3_11_0,0.1,0.0,1.73127480671251e-14
4_11_0,0.1,0.0,4.6150670211286126e-11
0_11_1,0.1,0.1,1.096488102067289e-11
1_11_1,0.1,0.1,6.174931628437844e-07
2_11_1,0.1,0.1,4.06127122209207e-06
3_11_1,0.1,0.1,8.581201725515756e-13
4_11_1,0.1,0.1,3.885308488775596e-07
0_11_2,0.1,0.2,1.3227355741164288e-08
1_11_2,0.1,0.2,3.1941632473507945e-05
2_11_2,0.1,0.2,6.332510009959494e-07
3_11_2,0.1,0.2,1.2496593648029473e-09
4_11_2,0.1,0.2,5.862982750977404e-10
0_11_3,0.1,0.3,1.5758082874245233e-06
1_11_3,0.1,0.3,0.00017836670839304215
2_11_3,0.1,0.3,4.439845161124059e-06
3_11_3,0.1,0.3,5.69282205890128e-07
4_11_3,0.1,0.3,1.068484526200199e-06
0_11_4,0.1,0.4,0.0001272489198730278
1_11_4,0.1,0.4,0.0005059286737454926
2_11_4,0.1,0.4,0.0005958927184740902
3_11_4,0.1,0.4,8.809703603518035e-06
4_11_4,0.1,0.4,1.1640599540161857e-06
0_11_5,0.1,0.5,0.0014734222975371955
1_11_5,0.1,0.5,0.004446179537023661
2_11_5,0.1,0.5,0.0013309176615478072
3_11_5,0.1,0.5,0.0001035833107094352
4_11_5,0.1,0.5,0.002025080600681604
0_11_6,0.1,0.6,0.000592071786618424
1_11_6,0.1,0.6,0.006468603125079386
2_11_6,0.1,0.6,0.001097593802503521
3_11_6,0.1,0.6,0.0011746454558758178
4_11_6,0.1,0.6,0.0035032969782183357
0_11_7,0.1,0.7,0.07524245395115024
1_11_7,0.1,0.7,0.10196032431238503
2_11_7,0.1,0.7,0.0789744543518209
3_11_7,0.1,0.7,0.05534178792145404
4_11_7,0.1,0.7,0.02342708276816797
0_11_8,0.1,0.8,0.9599999999989074
1_11_8,0.1,0.8,0.9999953787943772
2_11_8,0.1,0.8,0.9911381062662583
3_11_8,0.1,0.8,0.9999917054103636
4_11_8,0.1,0.8,0.9999999999984609
0_11_9,0.1,0.9,0.9993223468078964
1_11_9,0.1,0.9,0.9999986381478675
2_11_9,0.1,0.9,0.9909915331218812
3_11_9,0.1,0.9,0.9994887816746137
4_11_9,0.1,0.9,0.9999999931577863
0_11_10,0.1,1.0,0.9999489498157843
1_11_10,0.1,1.0,0.9999845451435585
2_11_10,0.1,1.0,0.9909194787732968
3_11_10,0.1,1.0,0.9999425961627761
4_11_10,0.1,1.0,0.9999991075178429
0_12_0,0.2,0.0,7.588890901738106e-07
1_12_0,0.2,0.0,1.2617553126293495e-09
2_12_0,0.2,0.0,2.62729061061475e-09
3_12_0,0.2,0.0,8.560303649364426e-09
4_12_0,0.2,0.0,3.823188478087021e-09
0_12_1,0.2,0.1,0.000303919713485592
1_12_1,0.2,0.1,4.084755662263132e-09
2_12_1,0.2,0.1,7.382453963346461e-07
3_12_1,0.2,0.1,1.1535795189808303e-08
4_12_1,0.2,0.1,3.9267552690562096e-07
0_12_2,0.2,0.2,2.0776018818187554e-05
1_12_2,0.2,0.2,1.679450922509079e-07
2_12_2,0.2,0.2,1.7343546185500998e-06
3_12_2,0.2,0.2,3.87993334582787e-08
4_12_2,0.2,0.2,2.372215156099945e-05
0_12_3,0.2,0.3,3.447084411526462e-05
1_12_3,0.2,0.3,0.0006059990183541722
2_12_3,0.2,0.3,2.7655057335954864e-07
3_12_3,0.2,0.3,4.413462702053294e-06
4_12_3,0.2,0.3,0.00016616449646764825
0_12_4,0.2,0.4,0.0036290241098863845
1_12_4,0.2,0.4,6.123288773458307e-05
2_12_4,0.2,0.4,0.00016092073115636914
3_12_4,0.2,0.4,0.0008658447608124774
4_12_4,0.2,0.4,0.00010766606125795519
0_12_5,0.2,0.5,0.00651586462752784
1_12_5,0.2,0.5,0.0020133363839619223
2_12_5,0.2,0.5,0.0014236371132927768
3_12_5,0.2,0.5,0.0009035578365108273
4_12_5,0.2,0.5,0.0034039930421974497
0_12_6,0.2,0.6,0.009653357548732179
1_12_6,0.2,0.6,0.004629094711046064
2_12_6,0.2,0.6,0.005689846686359495
3_12_6,0.2,0.6,0.0003920473991899147
4_12_6,0.2,0.6,0.020618656094986712
0_12_7,0.2,0.7,0.13457878001144108
1_12_7,0.2,0.7,0.10229417071213986
2_12_7,0.2,0.7,0.12806144914765943
3_12_7,0.2,0.7,0.1306111009235077
4_12_7,0.2,0.7,0.10263951937696203
0_12_8,0.2,0.8,1.0
1_12_8,0.2,0.8,0.99
2_12_8,0.2,0.8,1.0
3_12_8,0.2,0.8,0.9900000000000001
4_12_8,0.2,0.8,1.0
0_12_9,0.2,0.9,1.0
1_12_9,0.2,0.9,0.99
2_12_9,0.2,0.9,1.0
3_12_9,0.2,0.9,0.99
4_12_9,0.2,0.9,1.0
0_12_10,0.2,1.0,1.0
1_12_10,0.2,1.0,0.99
2_12_10,0.2,1.0,1.0
3_12_10,0.2,1.0,0.99
4_12_10,0.2,1.0,1.0
0_13_0,0.3,0.0,3.1796844237288405e-12
1_13_0,0.3,0.0,2.3185810955934778e-08
2_13_0,0.3,0.0,2.910933188995391e-09
3_13_0,0.3,0.0,8.712408398904553e-18
4_13_0,0.3,0.0,2.8306086013285563e-08
0_13_1,0.3,0.1,1.5683382980050002e-05
1_13_1,0.3,0.1,1.4821846175202442e-06
2_13_1,0.3,0.1,4.382179844046777e-13
3_13_1,0.3,0.1,2.984380680957676e-08
4_13_1,0.3,0.1,8.675536511546569e-08
0_13_2,0.3,0.2,2.0491038120055944e-05
1_13_2,0.3,0.2,1.5881410094352679e-06
2_13_2,0.3,0.2,2.7391848935144063e-08
3_13_2,0.3,0.2,5.743522146954156e-10
4_13_2,0.3,0.2,2.988122732548603e-07
0_13_3,0.3,0.3,0.00011806081660095921
1_13_3,0.3,0.3,2.617725405483713e-06
2_13_3,0.3,0.3,7.198685049598192e-08
3_13_3,0.3,0.3,2.7257683793390148e-06
4_13_3,0.3,0.3,4.018653834803752e-08
0_13_4,0.3,0.4,0.0006292599688264097
1_13_4,0.3,0.4,0.0010564365519865376
2_13_4,0.3,0.4,5.060841489818606e-06
3_13_4,0.3,0.4,0.0005426540354549653
4_13_4,0.3,0.4,0.0006655611787219762
0_13_5,0.3,0.5,0.0015639983769097014
1_13_5,0.3,0.5,0.0013515026363978338
2_13_5,0.3,0.5,0.00028637318387408233
3_13_5,0.3,0.5,0.0014275400337166125
4_13_5,0.3,0.5,0.0008487347605149566
0_13_6,0.3,0.6,0.006228975092506733
1_13_6,0.3,0.6,0.003999157901395444
2_13_6,0.3,0.6,0.004515107223231693
3_13_6,0.3,0.6,0.013606526132059451
4_13_6,0.3,0.6,0.0014662842911780242
0_13_7,0.3,0.7,0.16529587578333943
1_13_7,0.3,0.7,0.16494993991055598
2_13_7,0.3,0.7,0.20075588182281107
3_13_7,0.3,0.7,0.23024142836072706
4_13_7,0.3,0.7,0.35022169546848647
0_13_8,0.3,0.8,0.9984039788291436
1_13_8,0.3,0.8,0.9827369813401319
2_13_8,0.3,0.8,0.9694679602062027
3_13_8,0.3,0.8,0.999994371913363
4_13_8,0.3,0.8,0.9962439833726012
0_13_9,0.3,0.9,0.9963005926809868
1_13_9,0.3,0.9,0.980557912544551
2_13_9,0.3,0.9,0.9697823494460843
3_13_9,0.3,0.9,0.9999964965216229
4_13_9,0.3,0.9,0.9947257312116088
0_13_10,0.3,1.0,0.9946827863398868
1_13_10,0.3,1.0,0.9784626480981415
2_13_10,0.3,1.0,0.9697823494460843
3_13_10,0.3,1.0,0.9999972277589958
4_13_10,0.3,1.0,0.9884393184673522
0_14_0,0.4,0.0,1.4242453302197307e-13
1_14_0,0.4,0.0,1.2746775267349335e-13
2_14_0,0.4,0.0,5.664422721244363e-17
3_14_0,0.4,0.0,1.4119499059179838e-13
4_14_0,0.4,0.0,1.195118659224495e-17
0_14_1,0.4,0.1,6.186588397207256e-14
1_14_1,0.4,0.1,2.526516474367019e-10
2_14_1,0.4,0.1,1.8763758264414785e-10
3_14_1,0.4,0.1,7.1178816337549706e-12
4_14_1,0.4,0.1,4.566357854229853e-14
0_14_2,0.4,0.2,2.2912365344210574e-10
1_14_2,0.4,0.2,2.088875281557056e-09
2_14_2,0.4,0.2,1.5172471861479026e-11
3_14_2,0.4,0.2,2.1595388012387335e-11
4_14_2,0.4,0.2,8.38714363983748e-11
0_14_3,0.4,0.3,1.4117988723767893e-08
1_14_3,0.4,0.3,2.227106672949722e-07
2_14_3,0.4,0.3,2.856338769346624e-08
3_14_3,0.4,0.3,1.8647106041980772e-07
4_14_3,0.4,0.3,3.2629597558142157e-09
0_14_4,0.4,0.4,3.0106657957507663e-06
1_14_4,0.4,0.4,3.867576375133098e-05
2_14_4,0.4,0.4,1.545999776612122e-05
3_14_4,0.4,0.4,0.00018360136734402183
4_14_4,0.4,0.4,0.00013497269859621296
0_14_5,0.4,0.5,0.0002500007344259326
1_14_5,0.4,0.5,0.0011033482902389502
2_14_5,0.4,0.5,0.0007979666783932324
3_14_5,0.4,0.5,0.0003588244570747152
4_14_5,0.4,0.5,6.234851558393479e-05
0_14_6,0.4,0.6,0.0417891253458387
1_14_6,0.4,0.6,0.02915209534377774
2_14_6,0.4,0.6,0.014025490647351837
3_14_6,0.4,0.6,0.015543332424508689
4_14_6,0.4,0.6,0.02256544054056487
0_14_7,0.4,0.7,0.28800189301675605
1_14_7,0.4,0.7,0.2478136778138919
2_14_7,0.4,0.7,0.3316168469323101
3_14_7,0.4,0.7,0.37119068085869017
4_14_7,0.4,0.7,0.32553295490218676
0_14_8,0.4,0.8,0.9678468084263575
1_14_8,0.4,0.8,0.9784018901681317
2_14_8,0.4,0.8,0.9719779938439831
3_14_8,0.4,0.8,0.9730993709548047
4_14_8,0.4,0.8,0.9682282749378708
0_14_9,0.4,0.9,0.9669701351392457
1_14_9,0.4,0.9,0.9784018901681317
2_14_9,0.4,0.9,0.9715486605069427
3_14_9,0.4,0.9,0.9758046713442334
4_14_9,0.4,0.9,0.9679820692034626
0_14_10,0.4,1.0,0.9668997754777126
1_14_10,0.4,1.0,0.9784018901681317
2_14_10,0.4,1.0,0.9715486605069427
3_14_10,0.4,1.0,0.9753845064982889
4_14_10,0.4,1.0,0.9679820692034626
0_15_0,0.5,0.0,1.2099004036772328e-12
1_15_0,0.5,0.0,7.716035818822153e-10
2_15_0,0.5,0.0,6.224757573831013e-11
3_15_0,0.5,0.0,1.8433571072981259e-13
4_15_0,0.5,0.0,2.2607348839034855e-12
0_15_1,0.5,0.1,8.306230066265368e-09
1_15_1,0.5,0.1,2.7687362965922503e-08
2_15_1,0.5,0.1,1.2689248305771649e-09
3_15_1,0.5,0.1,1.1347836287356584e-11
4_15_1,0.5,0.1,6.986371070371525e-10
0_15_2,0.5,0.2,1.8257643999297594e-08
1_15_2,0.5,0.2,3.057295735952632e-07
2_15_2,0.5,0.2,5.369343399204517e-09
3_15_2,0.5,0.2,1.1682896500867132e-10
4_15_2,0.5,0.2,7.30656997098938e-07
0_15_3,0.5,0.3,9.012655921927987e-07
1_15_3,0.5,0.3,8.282437766365714e-06
2_15_3,0.5,0.3,5.108399174342937e-06
3_15_3,0.5,0.3,5.766804343723884e-07
4_15_3,0.5,0.3,8.619731888495111e-06
0_15_4,0.5,0.4,9.372261402830514e-05
1_15_4,0.5,0.4,0.00033163810487258516
2_15_4,0.5,0.4,0.00013175011031152646
3_15_4,0.5,0.4,3.794181753923513e-05
4_15_4,0.5,0.4,8.245729129842157e-05
0_15_5,0.5,0.5,0.0016667576884516059
1_15_5,0.5,0.5,0.006443764755940458
2_15_5,0.5,0.5,0.002315016925082998
3_15_5,0.5,0.5,0.0009018676003271587
4_15_5,0.5,0.5,0.0011274098043941826
0_15_6,0.5,0.6,0.06506500434574387
1_15_6,0.5,0.6,0.05019818849934002
2_15_6,0.5,0.6,0.06007112061773239
3_15_6,0.5,0.6,0.06647115075089914
4_15_6,0.5,0.6,0.058379891566356965
0_15_7,0.5,0.7,0.34209172603883653
1_15_7,0.5,0.7,0.36334825376844343
2_15_7,0.5,0.7,0.395953979259737
3_15_7,0.5,0.7,0.4393565933432329
4_15_7,0.5,0.7,0.5016652571658058
0_15_8,0.5,0.8,0.9759168308078824
1_15_8,0.5,0.8,0.9870503689387489
2_15_8,0.5,0.8,0.9902988407667831
3_15_8,0.5,0.8,0.9786321134995855
4_15_8,0.5,0.8,0.9784018901681317
0_15_9,0.5,0.9,0.9758787251830091
1_15_9,0.5,0.9,0.9870503689387489
2_15_9,0.5,0.9,0.9902835879323094
3_15_9,0.5,0.9,0.9784349259672428
4_15_9,0.5,0.9,0.9784018901681317
0_15_10,0.5,1.0,0.9758787251830091
1_15_10,0.5,1.0,0.9869932212633518
2_15_10,0.5,1.0,0.9902835879323094
3_15_10,0.5,1.0,0.9784018901681317
4_15_10,0.5,1.0,0.9783688832448664
0_16_0,0.6,0.0,2.6139062118109374e-08
1_16_0,0.6,0.0,3.181038285946385e-09
2_16_0,0.6,0.0,1.962726692229197e-08
3_16_0,0.6,0.0,9.256816493764993e-10
4_16_0,0.6,0.0,6.098629150337169e-10
0_16_1,0.6,0.1,1.10075092913493e-07
1_16_1,0.6,0.1,5.875538308760813e-07
2_16_1,0.6,0.1,5.335734199314444e-08
3_16_1,0.6,0.1,6.830171963938238e-08
4_16_1,0.6,0.1,2.182190616823784e-07
0_16_2,0.6,0.2,8.219966899936497e-07
1_16_2,0.6,0.2,2.4234159738150887e-05
2_16_2,0.6,0.2,1.0088018538215835e-06
3_16_2,0.6,0.2,4.439871080019268e-07
4_16_2,0.6,0.2,3.1846846537050252e-06
0_16_3,0.6,0.3,6.560255049179196e-05
1_16_3,0.6,0.3,0.00022945973548898715
2_16_3,0.6,0.3,3.7217080148751385e-05
3_16_3,0.6,0.3,3.198099571989769e-05
4_16_3,0.6,0.3,3.660081094527962e-05
0_16_4,0.6,0.4,0.000470436699999006
1_16_4,0.6,0.4,0.000584901018645099
2_16_4,0.6,0.4,0.00014457779466959332
3_16_4,0.6,0.4,0.0007288380834850279
4_16_4,0.6,0.4,0.0006846547566725385
0_16_5,0.6,0.5,0.0128057590012296
1_16_5,0.6,0.5,0.006229121659734859
2_16_5,0.6,0.5,0.014681718527990651
3_16_5,0.6,0.5,0.007867155689935587
4_16_5,0.6,0.5,0.0060816751806442165
0_16_6,0.6,0.6,0.12904786841305224
1_16_6,0.6,0.6,0.09094506509625624
2_16_6,0.6,0.6,0.10679522874931212
3_16_6,0.6,0.6,0.12067150808968934
4_16_6,0.6,0.6,0.10949181014412432
0_16_7,0.6,0.7,0.37321750912289214
1_16_7,0.6,0.7,0.4171344656947797
2_16_7,0.6,0.7,0.4852182607469324
3_16_7,0.6,0.7,0.5057965253964578
4_16_7,0.6,0.7,0.6028931395507442
0_16_8,0.6,0.8,0.9758787251830091
1_16_8,0.6,0.8,0.9869932212633518
2_16_8,0.6,0.8,0.9940038095244758
3_16_8,0.6,0.8,0.9811523564715444
4_16_8,0.6,0.8,0.9869749010404326
0_16_9,0.6,0.9,0.9758787251830091
1_16_9,0.6,0.9,0.9869749010404326
2_16_9,0.6,0.9,0.9940038095244758
3_16_9,0.6,0.9,0.9811243072756399
4_16_9,0.6,0.9,0.9869749010404326
0_16_10,0.6,1.0,0.9758406483522285
1_16_10,0.6,1.0,0.9869749010404326
2_16_10,0.6,1.0,0.993989972781628
3_16_10,0.6,1.0,0.9811243072756399
4_16_10,0.6,1.0,0.9869749010404326
0_17_0,0.7,0.0,3.4102207112473436e-06
1_17_0,0.7,0.0,7.119754917580365e-06
2_17_0,0.7,0.0,1.3246725235554055e-07
3_17_0,0.7,0.0,3.928197755584765e-07
4_17_0,0.7,0.0,5.364654340814108e-08
0_17_1,0.7,0.1,1.4976406987700443e-06
1_17_1,0.7,0.1,1.5458792333866086e-05
2_17_1,0.7,0.1,6.214162115961026e-06
3_17_1,0.7,0.1,1.606591163131926e-06
4_17_1,0.7,0.1,3.246376664139018e-06
0_17_2,0.7,0.2,9.946960162267534e-06
1_17_2,0.7,0.2,5.0576687247717636e-05
2_17_2,0.7,0.2,0.00010213134656590742
3_17_2,0.7,0.2,1.6443058067175666e-05
4_17_2,0.7,0.2,2.3823646752791675e-05
0_17_3,0.7,0.3,0.0003119172827361934
1_17_3,0.7,0.3,0.00021790731934119678
2_17_3,0.7,0.3,0.0002284107446992683
3_17_3,0.7,0.3,0.0002723390542618531
4_17_3,0.7,0.3,0.0002885365273038973
0_17_4,0.7,0.4,0.002312082067076523
1_17_4,0.7,0.4,0.002100816550586539
2_17_4,0.7,0.4,0.0009222188127944808
3_17_4,0.7,0.4,0.0023913144014634435
4_17_4,0.7,0.4,0.0036631026213409367
0_17_5,0.7,0.5,0.027929416476289774
1_17_5,0.7,0.5,0.02234795039201349
2_17_5,0.7,0.5,0.03491115310415515
3_17_5,0.7,0.5,0.02129319890752038
4_17_5,0.7,0.5,0.019920089201765728
0_17_6,0.7,0.6,0.16184727719708075
1_17_6,0.7,0.6,0.13090162709190195
2_17_6,0.7,0.6,0.15611718443135852
3_17_6,0.7,0.6,0.18755451422267655
4_17_6,0.7,0.6,0.15432663857781684
0_17_7,0.7,0.7,0.48538722861819644
1_17_7,0.7,0.7,0.4786294593815318
2_17_7,0.7,0.7,0.5503343197276529
3_17_7,0.7,0.7,0.5690196634565222
4_17_7,0.7,0.7,0.7764792169001873
0_17_8,0.7,0.8,0.9901742576744536
1_17_8,0.7,0.8,0.9901742576744536
2_17_8,0.7,0.8,0.9940038095244758
3_17_8,0.7,0.8,0.9869932212633518
4_17_8,0.7,0.8,0.9901742576744536
0_17_9,0.7,0.9,0.9901742576744536
1_17_9,0.7,0.9,0.9901742576744536
2_17_9,0.7,0.9,0.993989972781628
3_17_9,0.7,0.9,0.9869749010404326
4_17_9,0.7,0.9,0.9901742576744536
0_17_10,0.7,1.0,0.9901742576744536
1_17_10,0.7,1.0,0.9901742576744536
2_17_10,0.7,1.0,0.993989972781628
3_17_10,0.7,1.0,0.9869749010404326
4_17_10,0.7,1.0,0.9901742576744536
0_18_0,0.8,0.0,1.3533628595306002e-06
1_18_0,0.8,0.0,4.19373869571581e-06
2_18_0,0.8,0.0,4.151893887108119e-06
3_18_0,0.8,0.0,1.366233552326066e-06
4_18_0,0.8,0.0,2.4715298995669303e-06
0_18_1,0.8,0.1,1.0281863505409956e-05
1_18_1,0.8,0.1,4.950371118818407e-05
2_18_1,0.8,0.1,0.0001269557258658865
3_18_1,0.8,0.1,1.8108354567143244e-05
4_18_1,0.8,0.1,1.7907938733747497e-05
0_18_2,0.8,0.2,0.00013075842288141828
1_18_2,0.8,0.2,0.0003821974014525288
2_18_2,0.8,0.2,9.063740785204892e-05
3_18_2,0.8,0.2,5.667214484800108e-05
4_18_2,0.8,0.2,6.350876886745095e-05
0_18_3,0.8,0.3,0.00099966232285725
1_18_3,0.8,0.3,0.0007562815159527295
2_18_3,0.8,0.3,0.0003122141835534409
3_18_3,0.8,0.3,0.00034311676229801196
4_18_3,0.8,0.3,0.00157399432257987
0_18_4,0.8,0.4,0.005939541598183482
1_18_4,0.8,0.4,0.006694938618855703
2_18_4,0.8,0.4,0.005579488206027356
3_18_4,0.8,0.4,0.011311446770172609
4_18_4,0.8,0.4,0.008751907008367131
0_18_5,0.8,0.5,0.0332462102747338
1_18_5,0.8,0.5,0.039466370829965555
2_18_5,0.8,0.5,0.05190740774175068
3_18_5,0.8,0.5,0.05529470686388013
4_18_5,0.8,0.5,0.022967874082550983
0_18_6,0.8,0.6,0.19513304207551513
1_18_6,0.8,0.6,0.14048215959833024
2_18_6,0.8,0.6,0.16966720981425387
3_18_6,0.8,0.6,0.19820074900096432
4_18_6,0.8,0.6,0.2138621750597654
0_18_7,0.8,0.7,0.48012625125751063
1_18_7,0.8,0.7,0.5425470499537817
2_18_7,0.8,0.7,0.5640030144294305
3_18_7,0.8,0.7,0.6869668648910076
4_18_7,0.8,0.7,0.9154583647520584
0_18_8,0.8,0.8,0.993989972781628
1_18_8,0.8,0.8,0.993989972781628
2_18_8,0.8,0.8,0.993989972781628
3_18_8,0.8,0.8,0.993989972781628
4_18_8,0.8,0.8,0.993989972781628
0_18_9,0.8,0.9,0.993989972781628
1_18_9,0.8,0.9,0.993989972781628
2_18_9,0.8,0.9,0.993989972781628
3_18_9,0.8,0.9,0.993989972781628
4_18_9,0.8,0.9,0.993989972781628
0_18_10,0.8,1.0,0.993989972781628
1_18_10,0.8,1.0,0.993989972781628
2_18_10,0.8,1.0,0.993989972781628
3_18_10,0.8,1.0,0.993989972781628
4_18_10,0.8,1.0,0.993989972781628
0_19_0,0.9,0.0,1.3578917637223408e-05
1_19_0,0.9,0.0,1.3403285811094533e-05
2_19_0,0.9,0.0,0.00016223926611983055
3_19_0,0.9,0.0,9.438713333829576e-06
4_19_0,0.9,0.0,5.69660334139582e-06
0_19_1,0.9,0.1,4.067459842749935e-05
1_19_1,0.9,0.1,0.00011319896478013825
2_19_1,0.9,0.1,1.4049893251894886e-05
3_19_1,0.9,0.1,2.9754424841647413e-05
4_19_1,0.9,0.1,6.208856724128124e-05
0_19_2,0.9,0.2,0.0006170035873574733
1_19_2,0.9,0.2,0.0003168257134189552
2_19_2,0.9,0.2,0.00017497189014429438
3_19_2,0.9,0.2,0.00023457090567966605
4_19_2,0.9,0.2,0.0006869106103008463
0_19_3,0.9,0.3,0.003495036644098605
1_19_3,0.9,0.3,0.0037408031282351014
2_19_3,0.9,0.3,0.0017779319837741832
3_19_3,0.9,0.3,0.0018652671527875008
4_19_3,0.9,0.3,0.004641328204259594
0_19_4,0.9,0.4,0.006903038183591758
1_19_4,0.9,0.4,0.009481778442677512
2_19_4,0.9,0.4,0.013631607951631881
3_19_4,0.9,0.4,0.012945664499228966
4_19_4,0.9,0.4,0.017390516696210324
0_19_5,0.9,0.5,0.06071931919360148
1_19_5,0.9,0.5,0.05445579782553707
2_19_5,0.9,0.5,0.07810056373371649
3_19_5,0.9,0.5,0.08034590911162684
4_19_5,0.9,0.5,0.05987934326228993
0_19_6,0.9,0.6,0.21603000960283475
1_19_6,0.9,0.6,0.19657429013485886
2_19_6,0.9,0.6,0.20533447970369398
3_19_6,0.9,0.6,0.2782913275896367
4_19_6,0.9,0.6,0.2188719696333136
0_19_7,0.9,0.7,0.5387492528989266
1_19_7,0.9,0.7,0.6377568229797659
2_19_7,0.9,0.7,0.6052635354384134
3_19_7,0.9,0.7,0.713732943885387
4_19_7,0.9,0.7,0.9938188315318466
0_19_8,0.9,0.8,0.993989972781628
1_19_8,0.9,0.8,0.993989972781628
2_19_8,0.9,0.8,0.993989972781628
3_19_8,0.9,0.8,0.993989972781628
4_19_8,0.9,0.8,0.993989972781628
0_19_9,0.9,0.9,0.993989972781628
1_19_9,0.9,0.9,0.993989972781628
2_19_9,0.9,0.9,0.993989972781628
3_19_9,0.9,0.9,0.993989972781628
4_19_9,0.9,0.9,0.993989972781628
0_19_10,0.9,1.0,0.993989972781628
1_19_10,0.9,1.0,0.993989972781628
2_19_10,0.9,1.0,0.993989972781628
3_19_10,0.9,1.0,0.993989972781628
4_19_10,0.9,1.0,0.993989972781628
0_20_0,1.0,0.0,0.0024302953933042323
1_20_0,1.0,0.0,0.0024302953933042323
2_20_0,1.0,0.0,0.0024302953933042323
3_20_0,1.0,0.0,0.0021491667319928453
4_20_0,1.0,0.0,0.002702864649664324
0_20_1,1.0,0.1,0.0002608006656533554
1_20_1,1.0,0.1,0.00030045568730501757
2_20_1,1.0,0.1,0.00045274857633593476
3_20_1,1.0,0.1,0.0006225922893820944
4_20_1,1.0,0.1,0.00010279135968615616
0_20_2,1.0,0.2,0.0023362912089973232
1_20_2,1.0,0.2,0.001574954504803533
2_20_2,1.0,0.2,0.0005276284176394754
3_20_2,1.0,0.2,0.0011635654770910575
4_20_2,1.0,0.2,0.0013971370902485336
0_20_3,1.0,0.3,0.007494249418933781
1_20_3,1.0,0.3,0.005332544730421776
2_20_3,1.0,0.3,0.0027266175759062122
3_20_3,1.0,0.3,0.004619959789302002
4_20_3,1.0,0.3,0.005682773594280728
0_20_4,1.0,0.4,0.024729555337714496
1_20_4,1.0,0.4,0.022922166694045384
2_20_4,1.0,0.4,0.01658940345918043
3_20_4,1.0,0.4,0.014465279106779153
4_20_4,1.0,0.4,0.02348612564643458
0_20_5,1.0,0.5,0.07954883376561278
1_20_5,1.0,0.5,0.07789653242265279
2_20_5,1.0,0.5,0.09283101898380731
3_20_5,1.0,0.5,0.07237822544410463
4_20_5,1.0,0.5,0.06955330930342661
0_20_6,1.0,0.6,0.24905916624873073
1_20_6,1.0,0.6,0.21974480424448103
2_20_6,1.0,0.6,0.2511522435066458
3_20_6,1.0,0.6,0.2731942824396472
4_20_6,1.0,0.6,0.24545694126939244
0_20_7,1.0,0.7,0.5651682987058793
1_20_7,1.0,0.7,0.5944991748537611
2_20_7,1.0,0.7,0.6167628718113192
3_20_7,1.0,0.7,0.8156597893317301
4_20_7,1.0,0.7,0.9937712185766481
0_20_8,1.0,0.8,0.993989972781628
1_20_8,1.0,0.8,0.993989972781628
2_20_8,1.0,0.8,0.993989972781628
3_20_8,1.0,0.8,0.993989972781628
4_20_8,1.0,0.8,0.993989972781628
0_20_9,1.0,0.9,0.993989972781628
1_20_9,1.0,0.9,0.993989972781628
2_20_9,1.0,0.9,0.993989972781628
3_20_9,1.0,0.9,0.993989972781628
4_20_9,1.0,0.9,0.993989972781628
0_20_10,1.0,1.0,0.993989972781628
1_20_10,1.0,1.0,0.993989972781628
2_20_10,1.0,1.0,0.993989972781628
3_20_10,1.0,1.0,0.993989972781628
4_20_10,1.0,1.0,0.993989972781628
